participant,gender,nationality,handedness,dob,age,median_RT,mean_RT,num_correct_trials,perc_accuracy,verbal_span_mean,mean_blocks,max_vpt_span,n,mean_mult_RT,medium_mult_RT,perc_accuracy_mult
1000,Female,Non-Malaysian,NA,2001-04-30,19.857093695338047,1.41564,1.4653824,25,89.28571428571429,7,8.666666666666666,9,53,2.8392211320754717,2.215385,88.33333333333333
999,Female,Non-Malaysian,NA,2000-10-31,20.47872271655639,1.5285675,1.5359889285714283,28,100,6,7,7,56,4.125355535714286,4.0805875,93.33333333333331
998,Female,Malaysian,NA,2001-09-15,19.47834816335843,1.21638,1.238753,25,89.28571428571429,7.5,9.333333333333334,9,51,2.402322156862745,1.91682,85
997,Male,Malaysian,NA,2000-03-07,21.004296904707584,1.013705,1.0912266,25,89.28571428571429,9,11.666666666666666,9,56,1.3083374107142858,1.2151375,93.33333333333331
996,Male,Malaysian,NA,2002-11-27,18.314565746444597,1.207685,1.293673392857143,28,100,7,9.666666666666666,9,59,1.3812588983050846,1.233545,98.33333333333331
994,Female,Malaysian,NA,2002-04-08,18.918210510304966,1.2507,1.3123242,25,89.28571428571429,7,9.333333333333334,9,57,2.3126949122807017,1.905375,95
9935,Female,Malaysian,NA,2002-09-27,18.443178188455395,1.599185,1.7471508,25,89.28571428571429,7.5,8,8,48,2.556527291666667,2.42447,80
992,Female,Malaysian,NA,2001-10-08,19.492455700053235,1.265955,1.2620646,23,82.14285714285714,9,11.666666666666666,9,60,1.9082716666666664,1.6326275,100
991,Female,Malaysian,NA,2001-11-28,19.339894668796106,1.464825,1.6027354,25,89.28571428571429,9,9.333333333333334,9,52,2.08648625,1.715985,86.66666666666667
990,Female,Malaysian,NA,2001-03-18,20.024138717773216,1.44875,1.4927082,25,89.28571428571429,6,9.666666666666666,9,52,2.2072260576923077,1.9485325,86.66666666666667
988,Male,Non-Malaysian,NA,2001-09-07,19.55464103734124,1.63257,1.7394598,25,89.28571428571429,7,9.333333333333334,9,50,3.0429514,2.5574399999999997,83.33333333333334
986,Female,Malaysian,Right-handed,2002-07-16,18.79003916647654,1.140425,1.1338705357142858,28,100,9,10.333333333333334,9,56,2.6273702678571427,2.3000075,93.33333333333331
984,Female,Malaysian,NA,1999-11-20,21.41764772986539,1.16431,1.23833,25,89.28571428571429,9,10.666666666666666,9,59,1.6191011016949153,1.44735,98.33333333333331
983,Female,Malaysian,NA,2001-05-12,19.947959920906538,1.46423,1.518900178571429,28,100,7,9.333333333333334,9,53,3.150265849056604,2.524655,88.33333333333333
982,Female,Malaysian,NA,1995-11-28,25.395408396075748,1.18387,1.2799784,25,89.28571428571429,9,7.666666666666667,8,58,1.6207976724137931,1.558445,96.66666666666669
980,Female,Malaysian,NA,1999-01-11,22.27341052551525,1.066565,1.0846366,25,89.28571428571429,6.5,8.333333333333334,8,57,1.282462543859649,1.21673,95
977,Male,Malaysian,NA,2001-07-06,19.79786295535782,1.30813,1.3736401785714285,27,96.42857142857144,6,9.666666666666666,9,57,2.506511403508772,2.04989,95
976,Male,Malaysian,NA,2000-07-29,20.7320537683474,1.315965,1.3762088,25,89.28571428571429,6,11.333333333333334,9,59,1.9660416949152544,1.83295,98.33333333333331
974,Female,Malaysian,NA,1999-03-28,22.069807589930793,1.49763,1.4875656,25,89.28571428571429,9,8.666666666666666,9,59,1.7702266949152543,1.697575,98.33333333333331
969,Female,Malaysian,NA,2000-06-11,20.865311050269984,1.46515,1.504189107142857,28,100,7,11.666666666666666,9,55,2.2832487272727273,2.08648,91.66666666666666
968,Female,Malaysian,NA,2001-01-01,20.30993041295916,1.3097474999999998,1.4104675,28,100,8.5,10.333333333333334,9,59,2.50227406779661,2.087445,98.33333333333331
965,Male,Malaysian,NA,2000-07-21,20.767723781276143,1.3736925000000002,1.407839642857143,28,100,7,10,9,58,1.7370525,1.6903775,96.66666666666669
964,Female,Malaysian,Right-handed,2000-05-05,21.31797475093163,1.16865,1.245682142857143,27,96.42857142857144,6.5,9.333333333333334,9,60,1.65299,1.41635,100
963,Female,Malaysian,NA,1999-11-18,21.429960453266407,1.5488625,1.63649125,28,100,6.5,9.333333333333334,9,59,2.5590040677966104,2.20185,98.33333333333331
961,Female,Malaysian,NA,2000-07-17,20.76615141835881,1.1584825,1.17787125,28,100,8,10.333333333333334,9,59,1.427475,1.3173,98.33333333333331
960,Female,Malaysian,NA,2000-02-01,21.226203513575175,1.4748074999999998,1.4701028571428572,28,100,9,10.333333333333334,9,59,2.25062,1.949985,98.33333333333331
959,Female,Malaysian,NA,2000-06-03,20.887839379420488,1.3162175,1.334027678571429,28,100,6.5,11.666666666666666,9,58,2.5241480172413793,1.9994525,96.66666666666669
957,Female,Malaysian,NA,2000-04-03,21.05464103734124,1.349835,1.3501646428571428,28,100,8.5,11.333333333333334,9,60,1.8300499166666664,1.6164825,100
956,Female,Malaysian,NA,2001-06-22,19.841472735569244,1.360325,1.3918714285714286,28,100,6.5,9.333333333333334,9,53,2.327824716981132,2.086425,88.33333333333333
954,Female,Non-Malaysian,Right-handed,1998-10-21,22.84864248231805,1.39095,1.3761142857142856,28,100,8.5,9,9,52,2.9463865384615384,2.04065,86.66666666666667
952,Female,Malaysian,NA,2000-08-30,20.65031181078409,1.25683,1.337405357142857,28,100,8.5,10.333333333333334,9,59,1.8855581355932205,1.61493,98.33333333333331
951,Female,Non-Malaysian,NA,1996-10-03,24.560643394934974,1.4482,1.5268117857142858,28,100,7,6.666666666666667,7,50,2.8651305,2.404795,83.33333333333334
950,Female,Malaysian,NA,1997-02-04,24.21848239409841,1.236395,1.2879994642857142,28,100,8,11.666666666666666,9,58,2.2505185344827585,1.7470125,96.66666666666669
949,Female,Malaysian,NA,2000-03-26,21.07650581793292,1.1584700000000001,1.204807142857143,28,100,9,12,9,54,2.585058425925926,1.89705,90
948,Female,Malaysian,NA,2000-11-29,20.401726367024107,1.5416725,1.5676848214285717,27,96.42857142857144,8,9.333333333333334,9,55,2.706789636363637,2.133725,91.66666666666666
947,Female,Non-Malaysian,Right-handed,1999-06-23,22.180277967906303,2.13115,2.2447607142857144,6,21.428571428571427,9,9.333333333333334,9,54,3.813005555555556,3.24695,90
945,Female,Malaysian,NA,2000-05-27,20.909034907597537,1.23256,1.2484725,28,100,7.5,8.666666666666666,9,53,2.4982988679245284,1.867645,88.33333333333333
943,Female,Malaysian,NA,1995-03-30,26.06828656171572,1.2912575,1.3646275,27,96.42857142857144,6.5,10.333333333333334,9,59,1.6101033898305084,1.50084,98.33333333333331
942,Female,Malaysian,NA,1997-09-26,23.57940337668264,0.94111,0.9819651785714286,28,100,8,11.666666666666666,9,58,1.3685438793103448,1.2911725,96.66666666666669
938,Female,Malaysian,NA,1998-05-24,22.91805650619819,1.52628,1.6081446428571429,28,100,8,9.666666666666666,9,60,2.17316025,1.9087875,100
936,Female,Malaysian,Left-handed,2000-03-08,21.139432656475776,1.2572175,1.3041103571428572,28,100,6.5,8.333333333333334,8,53,1.8081427358490567,1.64927,88.33333333333333
932,Female,Malaysian,NA,1997-09-18,23.601701650315615,1.38322,1.4086335714285714,28,100,7,9.333333333333334,9,59,2.096981186440678,1.86641,98.33333333333331
931,Female,Malaysian,Right-handed,1999-07-30,22.075781428245495,1.3639,1.3852035714285715,28,100,7,10.333333333333334,9,60,2.867095,2.5208000000000004,100
930,Female,Malaysian,Right-handed,1996-10-04,24.895155525134992,1.44935,1.5658964285714283,28,100,9,8.666666666666666,9,59,3.019040677966102,2.3814,98.33333333333331
929,Female,Malaysian,Right-handed,2000-04-27,21.063027606662104,1.1521625,1.2112998214285715,27,96.42857142857144,7.5,8.666666666666666,9,56,2.0404438392857145,1.704875,93.33333333333331
928,Female,Malaysian,NA,1997-12-29,23.32505323598753,1.1738075,1.18554,28,100,6,11.333333333333334,9,60,1.5446094166666666,1.441075,100
928,Female,Malaysian,NA,1997-12-29,23.32508175526656,1.1738075,1.18554,28,100,6,11.333333333333334,9,60,1.5446094166666666,1.441075,100
927,Female,Malaysian,NA,2000-02-21,21.182198266027836,1.4912425,1.6205051785714286,27,96.42857142857144,8,11.333333333333334,9,55,2.9955107272727273,2.416245,91.66666666666666
922,Female,Malaysian,Right-handed,2000-10-05,20.576349912540877,1.2982725,1.4011394642857142,28,100,9,9.333333333333334,9,57,1.6143601754385966,1.49756,95
920,Female,Malaysian,Right-handed,1996-09-25,24.62438018100236,1.4404525,1.49853875,28,100,5.5,6.333333333333333,6,60,2.4487165,2.0546075000000004,100
919,Female,Malaysian,Right-handed,2000-09-23,20.59848847821127,1.358735,1.3332646428571429,28,100,6,11.333333333333334,9,51,2.8680795098039216,2.032745,85
918,Female,Malaysian,Right-handed,1994-12-28,26.354853981291352,1.2499025,1.4082151785714283,28,100,9,9.666666666666666,9,48,3.9761896875,3.3330975,80
917,Female,Malaysian,Right-handed,1999-03-23,22.09707962582706,1.61717,1.6288075862068965,28,100,6.5,7.666666666666667,8,60,2.36680275,2.1409125,100
916,Male,Non-Malaysian,Right-handed,1994-01-01,27.32577382310442,1.575285,1.6845708928571428,28,100,5.5,9,9,46,4.277425869565217,3.548255,76.66666666666667
908,Male,Malaysian,Right-handed,1984-01-11,37.315809187010416,1.672725,1.93922875,16,57.14285714285714,7.5,8.666666666666666,9,58,1.888096293103448,1.781525,96.66666666666669
902,Female,Malaysian,Right-handed,2002-07-05,19.133763023804093,0.9912,1.0792642857142858,28,100,5.5,10,9,54,3.064296296296296,2.39915,90
901,Male,Malaysian,Right-handed,1994-07-30,27.05359533044338,1.2356375,1.32151125,28,100,6.5,10.333333333333334,9,58,2.6341879310344827,2.2430225000000004,96.66666666666669
897,Female,Malaysian,Right-handed,1996-04-07,25.378452734048217,1.49785,1.4959285714285715,28,100,8.5,10.333333333333334,9,59,1.6278322033898305,1.5315,98.33333333333331
896,Female,Malaysian,Right-handed,1992-03-30,29.42747927599057,1.6469,1.6635964285714286,28,100,7,9.333333333333334,9,60,1.9715633333333331,1.909,100
895,Female,Malaysian,Right-handed,1992-03-29,29.393242832154534,1.37535,1.4163178571428572,28,100,6.5,10.666666666666666,9,56,3.275385714285714,2.15145,93.33333333333331
889,Female,Malaysian,Right-handed,1999-03-29,22.41511521788729,1.2170999999999998,1.2543035714285715,28,100,8.5,7.666666666666667,8,60,1.7602883333333332,1.54225,100
888,Female,Malaysian,Right-handed,2001-11-29,19.739677922275455,1.46555,1.6521571428571429,28,100,6.5,9.666666666666666,9,58,2.032284482758621,1.833,96.66666666666669
882,Female,Malaysian,Right-handed,2000-05-27,21.248283139402236,1.2626499999999998,1.298871428571429,27,96.42857142857144,9,11.666666666666666,9,57,2.1509859649122807,1.8669,95
881,Female,Malaysian,Right-handed,1999-04-27,22.334040611453343,1.6229,1.6490285714285715,28,100,6,7.666666666666667,8,46,3.3772739130434783,2.322,76.66666666666667
877,Female,Malaysian,Right-handed,1998-01-08,23.638073237508557,1.46965,1.4759571428571427,28,100,6.5,8.333333333333334,8,50,3.430288,3.1395999999999997,83.33333333333334
876,Female,Malaysian,Right-handed,2001-11-23,19.76572743174386,1.1657,1.2300464285714283,28,100,7,7,7,55,2.4037509090909093,1.699,91.66666666666666
872,Female,Malaysian,Right-handed,2001-02-18,20.53992508936041,1.42605,1.4709178571428572,28,100,8,8.333333333333334,8,59,1.9752186440677968,1.7166,98.33333333333331
871,Female,Malaysian,Right-handed,1998-05-19,23.28194539508708,1.50995,1.5782142857142858,28,100,5.5,8.333333333333334,8,42,3.2171880952380953,2.7108999999999996,70
868,Female,Malaysian,Right-handed,2000-12-18,20.754853981291355,1.19095,1.2076357142857144,27,96.42857142857144,6.5,10.333333333333334,9,60,1.8929516666666664,1.45435,100
867,Female,Malaysian,Right-handed,2000-09-22,20.94036428625751,1.1876,1.209007142857143,28,100,7,10.666666666666666,9,60,2.1777166666666665,1.68035,100
866,Female,Malaysian,Right-handed,1999-05-30,22.25423986614952,1.3912,1.5410107142857143,28,100,8.5,8.333333333333334,8,57,2.5503315789473686,1.9672,95
863,Female,Malaysian,Right-handed,2002-12-12,18.718478591527873,1.2408,1.2966678571428571,28,100,8,10,9,55,2.448610909090909,1.9988,91.66666666666666
860,Female,Non-Malaysian,Ambidextrous,2002-07-31,19.087666362461025,1.14985,1.2631035714285714,28,100,6.5,11.666666666666666,9,58,1.7843,1.58205,96.66666666666669
857,Female,Malaysian,Right-handed,1996-11-29,24.7620332344665,1.4309,1.4976785714285714,28,100,6,6.333333333333333,6,55,3.17492,2.7975,91.66666666666666
856,Female,Malaysian,Right-handed,2002-07-05,19.19059434177504,1.50835,1.5794785714285715,28,100,8.5,7.333333333333333,7,57,2.6337,2.2155,95
855,Female,Non-Malaysian,Right-handed,2002-08-05,19.081278043957717,1.29455,1.3128678571428571,28,100,7,8,8,45,3.720864444444445,3.3307,75
854,Female,Malaysian,Right-handed,1995-02-01,26.591134306791393,1.17455,1.2194035714285714,28,100,7,12.333333333333334,9,60,1.6164833333333333,1.4422,100
852,Male,Malaysian,Right-handed,1998-09-11,22.992250361244203,1.18375,1.2085428571428571,28,100,6,9.666666666666666,9,43,3.810890697674419,3.1688,71.66666666666667
850,Male,Malaysian,Left-handed,2000-05-20,21.298330671533957,1.30885,1.504432142857143,26,92.85714285714286,9,9.333333333333334,9,58,1.9195275862068968,1.59125,96.66666666666669
849,Female,Malaysian,Right-handed,2002-09-18,18.979519355084037,1.4410500000000002,1.466532142857143,28,100,7,10.333333333333334,9,52,4.099840384615384,2.95075,86.66666666666667
848,Female,Malaysian,Right-handed,2002-02-26,19.53830329302609,1.2066,1.2184607142857142,28,100,7.5,9.333333333333334,9,53,1.8111943396226415,1.5812,88.33333333333333
846,Female,Malaysian,Right-handed,2001-11-24,19.819651684538748,1.41685,1.4604535714285714,28,100,6,10.666666666666666,9,50,4.284764,4.04265,83.33333333333334
844,Female,Non-Malaysian,Right-handed,2001-06-30,20.196051030496616,1.2914,1.4058964285714286,28,100,7.5,11.333333333333334,9,59,1.7043440677966102,1.5175,98.33333333333331
843,Female,Malaysian,Right-handed,2002-09-23,18.96478819682105,1.87455,1.8784642857142857,28,100,8,10,9,60,3.117541666666667,2.44085,100
841,Male,Malaysian,Right-handed,1999-10-23,21.887238573275535,1.27995,1.3087321428571428,28,100,6,11.666666666666666,9,58,2.5383172413793105,1.8932,96.66666666666669
840,Male,Malaysian,Right-handed,1998-05-28,23.30617157198266,1.6729,1.7883071428571429,27,96.42857142857144,6.5,10.333333333333334,9,45,3.110028888888889,2.7633,75
839,Female,Malaysian,Right-handed,1995-05-07,26.35922313483915,1.1591,1.1935107142857142,27,96.42857142857144,7,8.333333333333334,8,60,1.9634333333333336,1.50915,100
700,Female,Non-Malaysian,Right-handed,1979-07-05,42.17008898015058,1.6572,1.6880642857142858,28,100,6,7.333333333333333,7,46,3.820821739130434,3.3109,76.66666666666667
831,Female,Malaysian,Right-handed,1999-03-08,22.843214312875503,1.2287,1.353632142857143,28,100,9,10.666666666666666,9,59,1.7163016949152543,1.4985,98.33333333333331
827,Female,Malaysian,Right-handed,1997-01-02,25.027226405049813,1.3994,1.416467857142857,28,100,9,11.333333333333334,9,57,2.6016929824561403,2.3331,95
828,Female,Malaysian,Right-handed,1998-02-27,23.87798691915735,1.3164,1.3929321428571428,27,96.42857142857144,7.5,9.666666666666666,9,58,1.8678327586206895,1.6491,96.66666666666669
830,Male,Malaysian,Left-handed,1998-05-17,23.655445281009964,1.1835,1.2126142857142856,28,100,8,9.333333333333334,9,55,2.2386236363636365,1.4641,91.66666666666666
824,Female,Malaysian,Right-handed,2000-02-09,21.925948741349153,1.3028499999999998,1.3642464285714286,28,100,6.5,9,9,45,2.6475933333333335,1.9622,75
825,Female,Malaysian,Right-handed,1989-01-16,32.99169138337516,1.4843,1.5142642857142856,28,100,6,8,8,57,2.269985964912281,2.0352,95
832,Male,Malaysian,Left-handed,2000-02-26,21.881144953988898,1.12475,1.170525,28,100,9,9.666666666666666,9,58,2.220631034482759,1.60835,96.66666666666669
823,Female,Malaysian,Right-handed,1991-09-20,30.315681800897405,1.28415,1.2769785714285715,28,100,8,10.333333333333334,9,58,1.8160172413793103,1.63425,96.66666666666669
818,Female,Malaysian,Right-handed,2000-03-24,21.80584645220169,1.15795,1.2560392857142857,28,100,7,8.666666666666666,9,57,2.2415491228070175,1.6998,95
819,Female,Malaysian,Right-handed,1999-02-12,22.920590919461556,1.16275,1.240967857142857,28,100,8,10.333333333333334,9,60,2.1111483333333334,1.86095,100
817,Female,Malaysian,Right-handed,1998-02-12,23.920990189368013,1.35895,1.3861214285714285,28,100,5.5,7.333333333333333,7,52,2.9295750000000003,2.3167,86.66666666666667
810,Female,Malaysian,Right-handed,1999-10-26,22.219849418206707,1.8843,1.9932962962962963,26,92.85714285714286,5,8.333333333333334,8,51,3.4619549019607843,3.0841,85
813,Female,Malaysian,Right-handed,2000-01-16,21.99741044946384,1.531,1.5295071428571427,28,100,8,10.333333333333334,9,60,1.7561633333333333,1.61515,100
812,Female,Malaysian,Left-handed,1999-11-10,22.179125789033385,1.09985,1.114882142857143,28,100,7,8.333333333333334,8,59,1.901127118644068,1.683,98.33333333333331
811,Female,Malaysian,Right-handed,1996-11-15,25.167248459958937,1.4831500000000002,1.4934964285714285,28,100,6,8.333333333333334,8,58,2.5618241379310347,2.2245,96.66666666666669
820,Female,Malaysian,Right-handed,1993-09-15,28.334008289603773,1.24425,1.3204535714285714,26,92.85714285714286,8.5,9.333333333333334,9,58,1.5962137931034484,1.53235,96.66666666666669
808,Female,Malaysian,Left-handed,2001-04-08,20.768965320556696,1.06615,1.104342857142857,27,96.42857142857144,7,11.333333333333334,9,59,1.7101389830508475,1.5332,98.33333333333331
801,Female,Malaysian,Right-handed,2002-01-01,20.039309072933303,1.0835,1.1944035714285717,28,100,7.5,5.333333333333333,5,56,1.7232214285714285,1.60095,93.33333333333331
795,Male,Malaysian,Left-handed,1999-08-30,22.378745531979614,1.1156,1.1828892857142856,28,100,8,11.333333333333334,9,60,2.048818333333333,1.5729,100
794,Male,Malaysian,Right-handed,1999-02-01,22.95665259715568,1.18745,1.2784607142857145,28,100,9,9.666666666666666,9,59,1.719149152542373,1.5291,98.33333333333331
802,Female,Malaysian,Right-handed,1994-09-26,27.30662978173245,1.3624999999999998,1.3792357142857143,28,100,7.5,5.666666666666667,6,53,3.1440037735849056,2.548,88.33333333333333
806,Female,Malaysian,Right-handed,1997-11-29,24.13238839455472,1.15775,1.2643035714285715,28,100,7,11.333333333333334,9,60,1.74913,1.5004499999999998,100
796,Female,Malaysian,Right-handed,1999-06-29,22.54913491520268,1.308,1.4649285714285714,27,96.42857142857144,8.5,8.666666666666666,9,59,1.706186440677966,1.435,98.33333333333331
790,Male,Malaysian,Right-handed,2000-11-14,21.17229447106244,0.94835,0.9958821428571428,28,100,9,10.666666666666666,9,57,2.103852631578947,1.6545,95
793,Male,Malaysian,Right-handed,2000-10-02,21.28939653205567,1.22465,1.3263035714285714,28,100,8.5,11,9,57,1.7368263157894737,1.7158,95
797,Female,Malaysian,Right-handed,1999-11-09,22.187166324435317,1.4321000000000002,1.491132142857143,28,100,8,9.333333333333334,9,60,1.9379633333333333,1.66705,100
786,Female,Malaysian,Right-handed,1999-02-22,22.9036732831394,1.217,1.2794285714285714,28,100,8.5,10.333333333333334,9,54,2.066425925925926,1.7585,90
814,Male,Malaysian,Right-handed,1999-01-21,22.989816716100083,1.78255,1.9419,28,100,6,7,7,39,3.456907692307692,2.9985,65
804,Female,Malaysian,Left-handed,2000-11-10,21.185141455624,1.10815,1.1145964285714285,28,100,8,9.666666666666666,9,58,1.5047637931034483,1.37345,96.66666666666669
789,Female,Malaysian,Right-handed,1999-04-17,22.751078028747433,1.3165,1.4669785714285717,28,100,9,14,9,58,1.6570862068965515,1.6166,96.66666666666669
779,Male,Malaysian,Right-handed,1999-02-05,22.95060651000076,1.166,1.1792285714285715,28,100,7.5,7,7,54,2.263416666666666,1.966,90
783,Female,Malaysian,Left-handed,1994-04-13,27.76219104114381,3.1161,3.1607,1,3.571428571428571,8.5,7.333333333333333,7,53,3.2298566037735847,2.616,88.33333333333333
800,Female,Malaysian,Right-handed,2000-01-19,21.997553045859,1.275,1.306892857142857,28,100,8,9.333333333333334,9,58,2.000465517241379,1.7335,96.66666666666669
815,Female,Malaysian,Right-handed,2000-09-27,21.30971556772378,1.30635,1.2745392857142857,28,100,6.5,10.333333333333334,9,60,1.647615,1.56555,100
784,Female,Malaysian,Right-handed,1998-11-11,23.185666210358203,0.9085,0.89275,28,100,8.5,10.666666666666666,9,60,1.51635,1.4085,100
782,Female,Malaysian,Right-handed,1999-05-15,22.674975283291506,1.01615,1.0655428571428571,28,100,7.5,9.333333333333334,9,60,1.28421,1.1576499999999998,100
773,Male,Malaysian,Right-handed,2001-05-05,20.70354209445585,1.2087,1.1890678571428572,28,100,6,11,9,54,1.5289,1.409,90
763,Non-binary/ third gender,Malaysian,Right-handed,2000-10-10,21.273239409841057,1.291,1.4159642857142858,27,96.42857142857144,8.5,12.333333333333334,9,59,1.766050847457627,1.517,98.33333333333331
765,Female,Malaysian,Right-handed,2001-11-21,20.161400106471977,0.9331,0.9838,28,100,7.5,12.333333333333334,9,53,2.1947094339622644,1.6958,88.33333333333333
767,Male,Malaysian,Right-handed,2000-12-31,21.050781428245493,1.31625,1.3412071428571428,27,96.42857142857144,6,9.666666666666666,9,48,2.19006875,1.70785,80
758,Female,Malaysian,Right-handed,2002-10-03,19.29261730930109,1.491,1.579292857142857,28,100,6.5,6,6,58,2.015312068965517,1.8662,96.66666666666669
775,Female,Malaysian,Left-handed,2002-03-14,19.845902730245648,1.27435,1.3013285714285714,28,100,7.5,8.333333333333334,8,57,2.235738596491228,1.7933,95
762,Female,Malaysian,Right-handed,2000-04-15,21.75986386797475,1.13155,1.1776357142857143,27,96.42857142857144,9,11.333333333333334,9,59,1.710642372881356,1.5728,98.33333333333331
752,Female,Malaysian,Right-handed,2000-09-06,21.36788919309453,1.3245,1.287607142857143,28,100,7,9.333333333333334,9,60,1.5012,1.4335,100
754,Female,Malaysian,Right-handed,1995-12-06,26.1179215149441,0.9697,1.1026037037037038,24,85.71428571428571,8,9.333333333333334,9,54,1.4252944444444444,1.3024,90
753,Male,Malaysian,Right-handed,2000-06-01,21.63175526656019,1.325,1.4058192307692308,26,92.85714285714286,9,10.333333333333334,9,57,2.6268140350877194,2.0489,95
772,Female,Malaysian,Right-handed,2001-12-20,20.081346490227393,0.9415,0.9271428571428572,28,100,8,11,9,57,1.1733157894736843,1.064,95
769,Female,Malaysian,Left-handed,2000-10-07,21.282139326184502,1.0261,1.0960285714285714,28,100,7.5,10.333333333333334,9,55,1.6636436363636364,1.5662,91.66666666666666
803,Female,Malaysian,Right-handed,2000-05-05,21.704376758688873,1.3228,1.3766678571428572,27,96.42857142857144,9,8.666666666666666,9,51,2.350605882352941,2.0638,85
764,Female,Malaysian,Right-handed,2000-06-19,21.584369533804853,1.557,1.6489464285714286,28,100,8.5,8.333333333333334,8,60,2.788895,2.5406,100
756,Female,Malaysian,Right-handed,1998-03-01,23.88228762643547,1.6425,1.6550928571428571,28,100,9,9.333333333333334,9,59,1.8198169491525424,1.7086,98.33333333333331
770,Male,Malaysian,Right-handed,1998-04-10,23.77435736557913,1.4976,1.624775,28,100,7.5,10.333333333333334,9,58,2.033901724137931,1.5986,96.66666666666669
751,Male,Malaysian,Left-handed,1999-11-07,22.199245189748268,1.06665,1.0968,27,96.42857142857144,8.5,8,8,60,1.3218283333333334,1.2683,100
747,Female,Malaysian,Right-handed,1999-09-22,22.326528633356148,1.12365,1.1695214285714286,28,100,7,9.333333333333334,9,59,1.740350847457627,1.4359,98.33333333333331
777,Male,Malaysian,Left-handed,1998-10-10,23.274752832915052,1.4751,1.6150714285714287,27,96.42857142857144,8,10.333333333333334,9,55,2.71326,2.3347,91.66666666666666
746,Female,Malaysian,Right-handed,2000-04-09,21.77924557000532,1.3744,1.4547892857142857,28,100,5.5,9.333333333333334,9,52,2.606198076923077,2.066,86.66666666666667
760,Female,Malaysian,Right-handed,1999-06-07,22.61864020077573,1.0494,1.066125,27,96.42857142857144,5,11.333333333333334,9,56,1.9235107142857144,1.6243,93.33333333333331
741,Female,Malaysian,Right-handed,2002-04-01,19.801733972165184,1.4581,1.4946214285714283,28,100,9,9.333333333333334,9,58,2.478363793103448,2.03205,96.66666666666669
742,Female,Malaysian,Right-handed,1999-12-22,22.079135295459732,1.14345,1.2075142857142858,28,100,9,9.333333333333334,9,56,1.7831607142857142,1.58385,93.33333333333331
748,Female,Malaysian,Right-handed,2000-04-30,21.723939082819985,1.4983499999999998,1.6364714285714286,28,100,9,11.333333333333334,9,58,3.0876879310344827,2.5554,96.66666666666669
755,Female,Malaysian,Right-handed,1997-02-24,24.907049965776864,1.4845000000000002,1.5298571428571428,28,100,7,5.333333333333333,5,59,1.6521525423728811,1.467,98.33333333333331
778,Female,Malaysian,Right-handed,2001-02-15,20.930173397216517,1.5172,1.6005379310344827,28,100,5,10.333333333333334,9,55,2.1574763636363636,1.7002,91.66666666666666
745,Female,Malaysian,Right-handed,1998-03-28,23.812860293558444,1.6405,1.7493214285714287,28,100,7,7.333333333333333,7,55,3.1310872727272727,2.2187,91.66666666666666
743,Female,Malaysian,Right-handed,2001-09-19,20.336067381549928,1.0999,1.1375821428571429,28,100,8.5,7.333333333333333,7,60,1.339751666666667,1.24235,100
776,Female,Malaysian,Right-handed,2003-07-01,18.55300593201004,1.2501,1.4717357142857144,27,96.42857142857144,9,10.333333333333334,9,59,2.326528813559322,1.8173,98.33333333333331
805,Female,Malaysian,Right-handed,1993-05-05,28.70881245722108,1.5896499999999998,1.6745,28,100,6,9.333333333333334,9,54,2.7285074074074074,2.1483999999999996,90
740,Female,Malaysian,Right-handed,2002-03-26,19.819611757548103,1.1296,1.1474714285714285,28,100,7.5,9.666666666666666,9,58,1.8592275862068963,1.5377,96.66666666666669
761,Female,Malaysian,Right-handed,2002-10-25,19.239054300707277,1.30885,1.4044,27,96.42857142857144,6.5,5.333333333333333,5,52,3.4106326923076926,2.4080000000000004,86.66666666666667
771,Female,Malaysian,Right-handed,2000-08-02,21.467343524222375,1.29,1.3618392857142858,28,100,8,10,9,52,3.260880769230769,2.5652,86.66666666666667
750,Female,Malaysian,Right-handed,2000-11-14,21.18453874819378,1.13185,1.178907142857143,28,100,6,5.666666666666667,6,57,2.6194140350877193,1.96,95
739,Male,Malaysian,Right-handed,1997-04-13,24.771807742033616,1.2674,1.2983321428571428,28,100,7,9.666666666666666,9,60,2.1087933333333333,1.78265,100
759,Female,Malaysian,Left-handed,2002-11-16,19.18046619514792,1.1566,1.1632642857142856,28,100,7.5,6.333333333333333,6,57,1.3943491228070175,1.3484,95
733,Female,Malaysian,Right-handed,2003-12-29,18.067212335538823,1.2246,1.2844392857142857,28,100,7,9.666666666666666,9,56,2.492632142857143,1.7993,93.33333333333331
738,Male,Malaysian,Right-handed,2001-03-21,20.83759031105027,1.0492,1.0745464285714286,28,100,9,10,9,60,1.542555,1.39045,100
795,NA,NA,NA,NA,NA,1.1156,1.1828892857142856,28,100,8,11.333333333333334,9,60,2.048818333333333,1.5729,100
730,Female,Malaysian,Left-handed,2000-08-14,21.44092136284128,1.2566,1.2917892857142856,28,100,8,8,8,58,2.540768965517241,2.0433,96.66666666666669
726,Female,Malaysian,Right-handed,2000-01-03,22.05449273709027,1.4239,1.563825,28,100,5.5,10.333333333333334,9,59,2.168718644067797,1.8839,98.33333333333331
734,Female,Malaysian,Right-handed,2002-03-06,19.87970758232565,1.10425,1.2026035714285714,28,100,4,9.333333333333334,9,60,1.67845,1.47065,100
816,Female,Malaysian,Right-handed,1999-05-06,22.713185413339417,1.08265,1.176125,28,100,9,11.333333333333334,9,58,1.7700603448275862,1.6417,96.66666666666669
723,Female,Malaysian,Right-handed,1999-02-03,22.97149022739372,1.58135,1.5731107142857144,28,100,6,4.333333333333333,4,58,2.913243103448276,2.0725,96.66666666666669
725,Female,Malaysian,Right-handed,1999-07-22,22.50387291809263,1.5999,1.6562607142857142,28,100,8,7.333333333333333,7,58,3.851477586206896,4.1148,96.66666666666669
727,Male,Malaysian,Left-handed,1999-01-08,23.04261730930109,1.639,1.7721071428571429,28,100,6,6.666666666666667,7,55,5.009036363636364,5.308,91.66666666666666
724,Female,Malaysian,Right-handed,1999-10-01,22.311877329074456,1.3413,1.3901607142857142,28,100,5.5,10.333333333333334,9,60,1.6638866666666667,1.45,100
732,Male,Malaysian,Right-handed,2000-06-16,21.606688721575782,1.37375,1.3817357142857143,28,100,4.5,7.333333333333333,7,53,1.6266792452830188,1.4654,88.33333333333333
719,Male,Malaysian,Right-handed,1998-05-17,23.687898319263823,1.28965,1.2875035714285714,28,100,6,8.333333333333334,8,59,1.691950847457627,1.5325,98.33333333333331
721,Female,Malaysian,Right-handed,1994-07-08,27.546334322001673,1.244,1.3827142857142858,28,100,6.5,9.333333333333334,9,59,2.2041186440677967,1.951,98.33333333333331
736,Female,Malaysian,Right-handed,2000-11-30,21.1555346414176,1.19955,1.2144714285714286,28,100,8.5,10,9,59,1.527513559322034,1.3525,98.33333333333331
792,Female,Malaysian,Left-handed,2000-03-13,21.870360863944025,1.30825,1.3453964285714286,28,100,6.5,10.333333333333334,9,60,2.0646666666666667,1.8255,100
715,Female,Malaysian,Right-handed,1998-09-22,23.34606053692296,0.95875,0.992175,27,96.42857142857144,9,12.666666666666666,9,60,1.3430283333333333,1.2342,100
712,Male,Malaysian,Right-handed,1999-10-27,22.251387938246253,1.07465,1.0683214285714286,28,100,8,9,9,58,1.4510896551724135,1.3086,96.66666666666669
708,Male,Malaysian,Right-handed,2000-05-25,21.673427637082668,1.3993,1.5971206896551724,28,100,5.5,8.666666666666666,9,60,1.8755066666666669,1.75855,100
714,Male,Malaysian,Right-handed,2000-01-12,22.04285496995969,0.9545,1.0804285714285715,27,96.42857142857144,7.5,10.333333333333334,9,59,1.3366610169491526,1.249,98.33333333333331
717,Female,Malaysian,Right-handed,1998-09-16,23.36741767434786,1.2998500000000002,1.3416107142857143,28,100,4,7.333333333333333,7,55,5.015109090909091,4.6996,91.66666666666666
706,Female,Malaysian,Right-handed,2000-04-19,21.77627956498593,1.5163,1.5117444444444443,26,92.85714285714286,8.5,9.333333333333334,9,57,2.0225982456140352,1.85,95
695,Female,Malaysian,Right-handed,2000-03-28,21.838154992775117,1.2813,1.2886035714285715,28,100,6.5,9.333333333333334,9,58,2.221755172413793,1.9609,96.66666666666669
697,Female,Malaysian,Right-handed,2000-03-02,21.909386645372273,1.1,1.2296,28,100,6.5,10.333333333333334,9,52,1.8863980769230768,1.7747000000000002,86.66666666666667
696,Female,Malaysian,Right-handed,2000-06-25,21.596417978553504,1.25785,1.387517857142857,27,96.42857142857144,6.5,12.333333333333334,9,60,2.033565,1.8228,100
698,Female,Malaysian,Right-handed,1998-10-27,23.258084264963117,1.3224,1.3599928571428572,28,100,6,9.333333333333334,9,55,1.8859672727272727,1.6306,91.66666666666666
702,Female,Malaysian,Right-handed,1995-09-09,26.39200509544452,1.31575,1.361967857142857,28,100,9,10.333333333333334,9,55,2.221341818181818,1.9821,91.66666666666666
694,Prefer not to say,Malaysian,Right-handed,2002-05-21,19.69570119400715,1.41555,1.398367857142857,28,100,6.5,8.333333333333334,8,59,2.054506779661017,1.8487,98.33333333333331
689,Female,Malaysian,Right-handed,2001-11-05,20.241622937105483,1.2821,1.3130107142857144,27,96.42857142857144,9,8,8,60,1.6344716666666668,1.4765,100
686,Female,Malaysian,Right-handed,1995-09-27,26.348182371282988,0.94195,1.0080107142857142,28,100,7.5,11.666666666666666,9,59,1.4273372881355932,1.3158,98.33333333333331
687,Male,Malaysian,Right-handed,1999-11-14,22.218109742185717,1.06545,1.102575,28,100,8.5,10.333333333333334,9,59,1.6401728813559322,1.5011,98.33333333333331
692,Male,Malaysian,Right-handed,2002-11-11,19.22853258802951,1.4186,1.4770892857142857,27,96.42857142857144,8,9.333333333333334,9,59,2.2783389830508476,1.9363,98.33333333333331
704,Male,Malaysian,Left-handed,1993-12-19,28.12578523081603,1.19185,1.2240142857142855,28,100,8,9.666666666666666,9,58,2.0398672413793104,1.78335,96.66666666666669
713,Female,Malaysian,Right-handed,1998-02-12,23.984103353867216,1.1828500000000002,1.2381714285714285,28,100,5,7.666666666666667,8,52,2.380580769230769,1.67505,86.66666666666667
683,Female,Malaysian,Right-handed,2000-12-03,21.173959996957944,1.0660500000000002,1.1231607142857143,28,100,8.5,9.333333333333334,9,59,1.5130050847457628,1.4492,98.33333333333331
690,Male,Malaysian,Left-handed,2001-02-20,20.96256939691231,1.1990500000000002,1.3360357142857142,28,100,9,9.666666666666666,9,59,1.5086745762711864,1.3498000000000001,98.33333333333331
681,Prefer not to say,Malaysian,Right-handed,2003-12-28,18.107641265495474,1.19855,1.248017857142857,28,100,7,7.333333333333333,7,56,1.8675285714285712,1.5812,93.33333333333331
684,Female,Malaysian,Right-handed,1996-11-17,25.222724161533197,1.2158,1.2745785714285711,28,100,7,10.666666666666666,9,56,2.6808089285714285,2.04105,93.33333333333331
829,Female,Malaysian,Right-handed,1993-12-18,28.14638565670393,1.3175,1.3715,27,96.42857142857144,7.5,11.333333333333334,9,52,2.542173076923077,1.859,86.66666666666667
680,Female,Malaysian,Right-handed,2001-09-12,20.421193626891775,1.133,1.1946428571428571,28,100,7,7,7,57,2.137561403508772,2.017,95
682,Female,Malaysian,Right-handed,2000-02-19,21.987761426724465,1.3491,1.4598285714285717,27,96.42857142857144,9,7.666666666666667,8,55,2.6799254545454545,2.2488,91.66666666666666
705,Female,Malaysian,Right-handed,1996-10-15,25.3372956118336,1.14115,1.1833642857142856,28,100,8.5,9.333333333333334,9,60,1.64754,1.4329,100
677,Female,Malaysian,Right-handed,2000-12-03,21.204025020914138,1.10735,1.117157142857143,28,100,8.5,10.666666666666666,9,58,1.1711,1.09095,96.66666666666669
676,Male,Malaysian,Right-handed,1992-01-21,30.212759525439196,1.3810500000000001,1.3736357142857143,28,100,4.5,8.333333333333334,8,57,2.384354385964912,1.966,95
675,Female,Malaysian,Right-handed,1996-05-30,25.861955281770477,1.423,1.4462285714285714,27,96.42857142857144,7,9.666666666666666,9,57,2.1388684210526314,1.912,95
674,Female,Malaysian,Right-handed,1989-09-21,32.57311392501331,1.26655,1.3038928571428572,28,100,9,9.666666666666666,9,56,1.7485392857142856,1.608,93.33333333333331
672,Female,Malaysian,Right-handed,2000-02-06,22.196695566202752,1.1338,1.1482178571428572,27,96.42857142857144,7,10.333333333333334,9,46,2.0107,1.85535,76.66666666666667
667,Female,Malaysian,Right-handed,2000-04-19,22.102551524830787,1.45885,1.5308964285714286,28,100,6,9.333333333333334,9,53,3.097241509433962,2.231,88.33333333333333
659,Female,Malaysian,Right-handed,1991-07-30,30.83439234922808,1.4604,1.4675285714285715,27,96.42857142857144,9,4.333333333333333,4,52,3.485934615384615,2.4030500000000004,86.66666666666667
660,Male,Malaysian,Right-handed,1990-02-05,32.31965738839455,1.2572,1.3287857142857142,27,96.42857142857144,5.5,9.333333333333334,9,56,2.0752446428571427,1.88275,93.33333333333331
668,Female,Malaysian,Right-handed,1999-02-18,23.312632139326183,1.52325,1.6450035714285711,28,100,7.5,6,6,50,2.707494,2.0062,83.33333333333334
657,Female,Malaysian,Right-handed,1994-04-04,28.19540649479048,1.2577,1.325632142857143,27,96.42857142857144,4.5,9.333333333333334,9,54,1.962061111111111,1.9148,90
658,Female,Malaysian,Left-handed,1985-05-08,37.10131568940603,1.23285,1.2715392857142858,26,92.85714285714286,5.5,9.333333333333334,9,56,1.9878321428571428,1.7991,93.33333333333331
656,Female,Malaysian,Right-handed,1998-11-24,23.567396760209903,1.25745,1.2936857142857143,28,100,9,10,9,57,2.4547368421052633,1.8599,95
653,Male,Malaysian,Left-handed,1993-03-05,29.29219712525667,1.3331,1.4210357142857144,28,100,3.5,9,9,57,1.8857035087719296,1.7664,95
652,Male,Malaysian,Right-handed,1991-05-12,31.106658301011485,1.34975,1.4084214285714285,28,100,5.5,10.333333333333334,9,56,1.927405357142857,1.8246,93.33333333333331
651,Female,Malaysian,Right-handed,1990-11-05,31.625866986082592,1.19185,1.2882142857142858,27,96.42857142857144,6,10.333333333333334,9,58,1.711256896551724,1.62465,96.66666666666669
